pregunta,categoria,opcion1,opcion2,opcion3,opcion4,opcion5,opcion6,correctas,explicacion,Fuente
"¿Cuáles de los siguientes factores influyen directamente en la arquitectura según el Proceso Unificado de Desarrollo de Software (PUDS)?",Arquitectura,"Las preferencias individuales de los programadores.","Los patrones arquitectónicos.","Los requisitos no funcionales (rendimiento, disponibilidad, confiabilidad, etc.).","Los casos de uso más importantes.",,,2;3;4,"La arquitectura no depende solamente de los casos de uso. También está condicionada por requisitos no funcionales, productos de software de base, middleware, sistemas heredados, estándares, necesidades de distribución, experiencia previa y patrones arquitectónicos. Las preferencias personales de los programadores no aparecen como un factor arquitectónico.",
"¿Cuáles afirmaciones representan correctamente la relación entre proceso y herramientas?",Proceso y Herramientas,"El proceso determina las necesidades de las herramientas, pero las herramientas también influyen sobre el proceso.","UML define el proceso que debe seguirse para desarrollar un sistema de software.","Las herramientas son parte integral del proceso y permiten automatizar algunas de sus actividades.","El proceso y sus herramientas deben desarrollarse concurrentemente y evolucionar mediante iteraciones.",,,1;3;4,"La influencia entre proceso y herramientas es bidireccional. Las herramientas apoyan y automatizan las actividades definidas por el proceso. El equilibrio se alcanza mediante el desarrollo paralelo y la retroalimentación entre versiones.",
"¿Cuál de las siguientes opciones define con mayor precisión un producto o sistema de software?",Producto de Software,"Todos los artefactos necesarios para representar el sistema de forma comprensible para las máquinas, los trabajadores y los interesados.","El código fuente, los ejecutables y la documentación entregada al usuario.","Una colección de modelos independientes, sin incluir las relaciones existentes entre ellos.","Los modelos de ingeniería, pero no los artefactos de gestión.",,,1,"Es la opción que comprende el sistema completo y no solamente el código entregado. El término producto se refiere no solo al código entregado, sino al sistema completo. El producto incluye artefactos de ingeniería, artefactos de gestión, modelos y las relaciones de trazabilidad entre esos modelos.",
"¿Cuáles afirmaciones representan correctamente la relación entre las personas y el proceso de desarrollo?",Personas y Proceso,"Las personas participan durante todo el ciclo de vida del producto, por lo que el proceso debe estar orientado a ellas.","Un worker representa una posición o rol al que pueden asignarse personas concretas.","La automatización permite reemplazar la creatividad y el juicio de las personas.","Una persona solamente puede desempeñar un worker durante todo el proyecto.",,,1;2,"Las personas intervienen durante todo el ciclo de vida. El worker es una posición abstracta; las personas concretas son asignadas a ella. El libro también indica que una persona puede desempeñar diferentes workers durante el proyecto, mientras que la creatividad, el juicio y la comunicación continúan dependiendo de las personas.",
"¿Cuál es la principal razón por la que el Proceso Unificado utiliza un enfoque iterativo e incremental?",Enfoque iterativo,"Para reducir los costos de desarrollo.","Para maximizar la reutilización de código.","Para facilitar la incorporación de nuevas tecnologías.","Para manejar mejor los riesgos y permitir la retroalimentación temprana.",,,4,"El desarrollo iterativo permite identificar y reducir los riesgos importantes durante las primeras fases. Además, cada iteración produce una versión ejecutable o build que puede evaluarse. Esto permite obtener retroalimentación de usuarios e interesados cuando todavía resulta posible corregir el rumbo con un costo razonable.",

"¿Cuáles de las siguientes características corresponden a ventajas de un sistema distribuido según el libro de Ingeniería de Software (Ian Sommerville)?",Sistemas Distribuidos,"Los procesos pueden operar de manera concurrente.","Son escalables ya que se pueden aumentar las capacidades del sistema añadiendo nuevos recursos.","Consistencia estricta, garantizando que todas las copias de datos estén siempre sincronizadas en tiempo real.","Predictibilidad de la red, la respuesta depende de la carga global del sistema, de su organización y de la carga de la red.",,,1;2,"Las respuestas correctas son: Los procesos pueden operar de manera concurrente, y son escalables ya que se pueden aumentar las capacidades del sistema añadiendo nuevos recursos.",
"En una arquitectura maestro-esclavo, ¿cuál es el papel principal del nodo maestro?",Arquitectura,"Se encarga de las operaciones computacionalmente intensivas, como el procesamiento de señales y la gestión de equipos.","Suele ser responsable del cálculo, la coordinación y las comunicaciones, y controla los procesos esclavos.","Actuar únicamente como un nodo de respaldo en caso de falla de un nodo esclavo.",,,,,2,"La respuesta correcta es: Suele ser responsable del cálculo, la coordinación y las comunicaciones, y controla los procesos esclavos.",
"Marque las afirmaciones correctas acerca de la arquitectura en capas",Arquitectura,"Apunta a mejorar la modificabilidad de un sistema software.","Se pueden reemplazar capas completas mientras no se cambien las interfaces entre ellas.","Cada capa representa una capa física.","Las capas inferiores dependen de las capas superiores.",,,1;2,"Las respuestas correctas son: Apunta a mejorar la modificabilidad de un sistema software, y se pueden reemplazar capas completas mientras no se cambien las interfaces entre ellas.",
"Dado el siguiente diagrama, a qué arquitectura se corresponde: <br><br> ![diagrama](img/microservicios.png)",Arquitectura,"Microservicios","Arquitectura Orientada a Servicios (SOA)","Arquitectura de componentes/objetos distribuidos","Peer 2 Peer",,,1,"La respuesta correcta es: Microservicios",

"Un sistema adopta una arquitectura con mecanismos de redundancia y recuperación para alcanzar alta disponibilidad. Sin embargo, durante la implementación se omiten algunos controles de errores y el sistema no logra recuperarse ante determinados fallos. ¿Qué conclusión coincide con Bass, Clements y Kazman?",Arquitectura,"Una arquitectura adecuada garantiza por sí sola el atributo de calidad requerido.","La arquitectura solo permite evaluar atributos de calidad una vez construido el sistema.","La disponibilidad depende exclusivamente de la implementación, no de la arquitectura.","La arquitectura puede habilitar o inhibir un atributo de calidad, pero decisiones posteriores pueden impedir que este se alcance.",,,4,"La arquitectura habilita o inhibe los atributos de calidad y permite razonar tempranamente sobre ellos, pero su concreción también depende de las decisiones posteriores del ciclo de vida. Los autores sostienen que la arquitectura determina sustancialmente la capacidad del sistema para alcanzar sus atributos de calidad y permite realizar predicciones tempranas sobre ellos. Sin embargo, la arquitectura no los garantiza: decisiones posteriores de diseño, codificación, implementación o prueba pueden perjudicar una solución arquitectónica adecuada.",
"¿Cuáles de las siguientes corresponden a las estructuras/vistas de una arquitectura de software propuestas por Bass et al.?",Arquitectura,"Lógica","Módulos","Componentes y conductores","Estática",,,2,"La respuesta correcta es: Módulos",
"¿Cuál de las siguientes opciones relaciona correctamente un atributo de calidad con el objetivo principal que busca asegurar en un sistema de software?",Arquitectura,"Desplegabilidad (Deployability): facilitar la liberación rápida y confiable de nuevas versiones.","Seguridad (Security): garantizar que el sistema no cause daños físicos.","Escalabilidad (Scalability): permitir que el sistema se integre fácilmente con otros.","Usabilidad (Usability): asegurar tiempos de respuesta adecuados y una tasa de producción (throughput) alta.",,,1,"La respuesta correcta es: Desplegabilidad (Deployability): facilitar la liberación rápida y confiable de nuevas versiones.",
"Marque las afirmaciones correctas acerca de la arquitectura de software",Arquitectura,"La arquitectura se concentra en el diseño de las clases.","La arquitectura es una abstracción.","Los requisitos funcionales NO definen la arquitectura.","Un patrón arquitectónico es sinónimo de un patrón de diseño.",,,2;3,"Las respuestas correctas son: La arquitectura es una abstracción, y los requisitos funcionales NO definen la arquitectura.",
