Pregunta,Categoria,Opcion1,Opcion2,Opcion3,Opcion4,Opcion5,Opcion6,Correctas,Explicacion
¿Cuál es la definición técnica de un sistema de información según el enfoque organizacional?,Modelado de Sistemas,Un conjunto de computadoras conectadas a una red de alta velocidad.,"Componentes interrelacionados que recolectan, procesan, almacenan y distribuyen información para la toma de decisiones.",Una colección de datos organizados para servir a una sola aplicación de manera eficiente.,La infraestructura física necesaria para operar el hardware corporativo.,Un sistema sociotécnico que solo considera las máquinas y la tecnología física dura.,La suma de todos los programas de software instalados localmente en las computadoras.,opcion2,"Desde una perspectiva técnica, se define como un conjunto de componentes interrelacionados que recolectan (o recuperan), procesan, almacenan y distribuyen información para apoyar los procesos de toma de decisiones y de control."
"En el contexto de la empresa digital, ¿qué significa el término 'desplazamiento en tiempo'?",Modelado de Sistemas,Trabajar en un taller global fuera de los límites nacionales.,"Realizar negocios de manera continua las 24 horas del día, los 7 días de la semana.",Mover los activos financieros de forma digital entre sucursales.,Organizar las tareas en silos de producción secuencial.,Externalizar el trabajo a países con bajos sueldos.,Automatizar los procesos de negocios manuales antiguos.,opcion2,"El desplazamiento en tiempo se refiere a los negocios que se realizan de forma continua, 24/7, en lugar de horarios comerciales estrechos."
Un Sistema de Procesamiento de Transacciones (TPS) sirve principalmente a:,Sistemas de Información,La gerencia de nivel superior para decisiones estratégicas.,La gerencia de nivel medio para el monitoreo y control.,Los gerentes operacionales para llevar el registro de actividades elementales.,Científicos y trabajadores del conocimiento para crear conocimiento.,Directores de información (CIO) para la gobernanza de TI.,Clientes externos para realizar compras por Internet.,opcion3,"Los TPS son sistemas que llevan el registro de las actividades y transacciones elementales de la organización, sirviendo a los gerentes operacionales."
¿Cuál es la característica principal de una Arquitectura Orientada al Servicio (SOA)?,Modelado de Sistemas,Uso exclusivo de lenguajes de programación propietarios.,Un conjunto de servicios autocontenidos que se comunican para crear una aplicación funcional.,La eliminación total de los sistemas heredados en una empresa.,La conexión física de cables de fibra óptica en una red LAN.,La centralización de todos los datos en un solo disco duro físico.,El uso de redes sociales para la publicidad de productos.,opcion2,La SOA es un conjunto de servicios autocontenidos que se comunican entre sí para crear una aplicación de software funcional.
"En el modelo de fuerzas competitivas de Porter, ¿qué factor aumenta el poder de los clientes?",Sistemas de Información y Estrategia,La existencia de barreras de entrada muy altas.,La capacidad de cambiar fácilmente a los productos de un competidor.,La falta de información sobre precios en el mercado.,La dependencia de un solo proveedor exclusivo.,El uso de sistemas de respuesta eficiente al cliente.,La implementación de una estructura organizacional de tipo adhocracia.,opcion2,El poder de los clientes aumenta si pueden cambiar con facilidad a los productos y servicios de un competidor.
¿Qué son los activos complementarios en el contexto de la inversión en TI?,Modelado de Sistemas,Dispositivos de hardware adicionales como impresoras y escáneres.,Activos requeridos para derivar valor a partir de una inversión primaria.,Copias de seguridad de las bases de datos corporativas.,Programas de software descargados de la nube de forma gratuita.,Cables de fibra óptica que complementan al cable trenzado.,Los salarios de los programadores y analistas de sistemas.,opcion2,"Los activos complementarios son aquellos requeridos para derivar valor a partir de una inversión primaria (como nuevos modelos de negocios, cultura organizacional o capacitación)."
Un sistema de administración de relaciones con el cliente (CRM) se utiliza principalmente para:,Sistemas de Información,Gestionar el flujo de materiales entre la fábrica y el almacén.,"Coordinar los procesos de negocios en ventas, marketing y servicio para optimizar ingresos.",Analizar la estructura de las redes de área metropolitana (MAN).,Reducir la latencia de las señales de radiofrecuencia en Wi-Fi.,Realizar el mantenimiento preventivo del hardware del servidor.,Controlar el acceso de los empleados a sitios Web prohibidos.,opcion2,Los sistemas CRM proveen información para coordinar todos los procesos de negocios que tratan con los clientes para optimizar ingresos y satisfacción.
"¿Qué principio ético sugiere que si una acción no es correcta para que todos la tomen, no es correcta para nadie?",Ética,Regla dorada,Imperativo categórico de Kant,Regla del cambio de Descartes,Principio utilitarista,Principio de aversión al riesgo,Regla de 'no hay comida gratis',opcion2,"El Imperativo categórico de Emmanuel Kant establece: 'Si una acción no es correcta para que todos la tomen, no es correcta para nadie'."
¿Qué derecho protege a los autores de propiedad intelectual contra la copia durante 70 años después de su muerte?,Ética / Propiedad Intelectual,Patente,Derechos de autor (Copyright),Secreto comercial,Privacidad de la información,Responsabilidad legal,Debido proceso,opcion2,Los derechos de autor (copyright) protegen a los creadores contra la copia por parte de otros durante la vida del autor y 70 años más.
Un sistema de administración del conocimiento (KMS) ayuda a las empresas a:,Sistemas de Información,Pagar la nómina de los empleados de forma automática.,Capturar y aplicar la experiencia y el conocimiento organizacional.,Medir el consumo de energía en los centros de datos.,Cifrar el tráfico de red mediante protocolos SSL.,Configurar las redes privadas virtuales (VPN).,Traducir direcciones IP a nombres de dominio.,opcion2,Los KMS permiten a las organizaciones administrar mejor los procesos para capturar y aplicar el conocimiento y la experiencia.
¿Qué es la escalabilidad en los sistemas de información?,Modelado de Sistemas,La capacidad de un sistema para contraerse y reducir costos fijos.,La habilidad de un sistema para expandirse y dar servicio a más usuarios sin fallar.,El proceso de mover datos de una mainframe a una PC.,La jerarquía de autoridad dentro de una burocracia.,El aumento de la velocidad de los microprocesadores según Moore.,La facilidad de uso de una interfaz gráfica de usuario.,opcion2,"La escalabilidad se refiere a la habilidad de una computadora, producto o sistema de expandirse para dar servicio a un mayor número de usuarios sin fallar."
¿Qué nivel de la gerencia toma decisiones estratégicas de largo alcance?,Sistemas de Información,Gerencia operacional,Gerencia de nivel medio,Gerencia de nivel superior,Trabajadores del conocimiento,Analistas de sistemas,Directores de seguridad (CSO),opcion3,La gerencia de nivel superior toma decisiones estratégicas de largo alcance sobre productos y servicios.
¿Cuál es la principal característica del Proceso Unificado (PU) en cuanto a su arquitectura?,Proceso Unificado (PU),Se basa exclusivamente en procesos de cascada.,Es una arquitectura centrada en casos de uso y dirigida por riesgos.,Solo permite el desarrollo lineal de software.,No utiliza modelado visual como UML.,Es un proceso impulsado únicamente por el cliente sin intervención técnica.,Se enfoca solo en la fase de construcción del código.,opcion2,"El Proceso Unificado se define por estar dirigido por casos de uso, centrado en la arquitectura, y ser iterativo e incremental, gestionando los riesgos desde las fases tempranas.",1
"En el Proceso Unificado, ¿qué ocurre durante la fase de Elaboración?",Proceso Unificado (PU),Se entrega el producto final al usuario.,Se analiza el dominio del problema y se define la arquitectura base.,Se realiza el mantenimiento post-implementación.,Se cancela el proyecto si no hay presupuesto.,Se escriben todos los manuales de usuario únicamente.,Se compran los servidores físicos.,opcion2,La fase de elaboración se centra en detallar los requisitos y establecer una arquitectura estable para mitigar los riesgos técnicos.,1
"¿Qué fase del Proceso Unificado (PU) se enfoca principalmente en la viabilidad, el alcance básico y la visión común del proyecto?",Proceso Unificado (PU),Elaboración,Construcción,Transición,Incepción,Implementación,Análisis de Requisitos,opcion4,"La fase de incepción tiene como objetivo establecer una visión común, el alcance y determinar la viabilidad del proyecto antes de invertir en una investigación profunda.",2
"En el contexto de un Proceso Unificado Ágil, ¿qué significa que una iteración esté 'timeboxed'?",Proceso Unificado (PU),Que el alcance es fijo y la fecha varía,Que la fecha de finalización es fija y no puede deslizarse,Que el presupuesto es el único factor limitante,Que la calidad del código es opcional para cumplir plazos,Que se utiliza una caja física para guardar el código,Que solo se permite el uso de diagramas UML,opcion2,"Timeboxing significa que la fecha de finalización de la iteración es fija; si el trabajo se retrasa, se reduce el alcance (de-scope) en lugar de retrasar la entrega.",2
¿Cuál es la recomendación principal del Proceso Unificado respecto al desarrollo de la arquitectura?,Proceso Unificado (PU),Definir toda la arquitectura en la fase de Incepción,Esperar hasta la fase de Construcción para programar el núcleo,Centrarse en la arquitectura durante las iteraciones tempranas de la Elaboración,La arquitectura no es importante en procesos ágiles,Externalizar el diseño arquitectónico a terceros,Documentar la arquitectura solo al final del proyecto,opcion3,"El PU es 'arquitectura-céntrico', lo que implica que las iteraciones iniciales (Elaboración) deben estabilizar y probar el núcleo arquitectónico.",2
¿Cuál de los siguientes es un síntoma de que un equipo NO entiende la fase de Elaboración en el PU?,Proceso Unificado (PU),Se realiza programación de código de producción,Los riesgos mayores están siendo mitigados,Se intenta realizar un diseño completo y cuidadoso antes de programar,Se adaptan los planes basados en el feedback,La arquitectura se estabiliza gradualmente,Se involucra a los usuarios en la evaluación,opcion3,"La elaboración es una fase iterativa de descubrimiento y construcción, no una fase de diseño 'Big Up-Front' tipo cascada antes de la implementación.",2
"Según el texto, ¿qué porcentaje de requisitos suelen detallarse para el final de la fase de Elaboración?",Proceso Unificado (PU),10% al 20%,100% de forma inamovible,80% al 90%,50% exacto,Solo los requisitos no funcionales,"Ninguno, el detalle se hace en Construcción",opcion3,"Al finalizar la fase de elaboración, se espera haber clarificado y detallado entre el 80% y 90% de los requisitos mediante workshops iterativos.",2
¿Cuál es la función del artefacto 'Caso de Desarrollo' (Development Case) en el PU?,Proceso Unificado (PU),Describir el modelo de negocio,Documentar los errores encontrados en las pruebas,Describir el conjunto de prácticas y artefactos de UP personalizados para un proyecto específico,Listar los requisitos funcionales,Establecer la jerarquía de los desarrolladores,Definar el esquema de la base de datos,opcion3,El Caso de Desarrollo es un documento que especifica qué artefactos opcionales del PU se han elegido y cómo se personalizará el proceso.,2
"En el Proceso Unificado, ¿cómo se denominan los conjuntos de actividades y artefactos en un área temática como Requisitos o Diseño?",Proceso Unificado (PU),Fases,Iteraciones,Disciplinas,Workflows cerrados,Milestones,Casos de Uso,opcion3,"El PU organiza el trabajo en 'disciplinas', que son categorías de actividades como Modelado de Negocio, Requisitos o Diseño.",2
"En el contexto de DFD, ¿qué implica la regla de 'balanceo vertical' al crear diagramas hijos?",Proceso Unificado (PU),Que el diagrama hijo debe tener más procesos que el padre.,Que un almacén de datos solo puede aparecer en el nivel 0.,Que un diagrama hijo no puede producir salida o recibir entrada que el proceso padre no produzca o reciba.,Que las flechas siempre deben apuntar de arriba hacia abajo.,Que cada proceso hijo debe ser una entidad externa.,Que no se pueden usar alias en los niveles inferiores.,opcion3,"El balanceo vertical asegura que todos los datos entrantes o salientes del proceso padre se muestren también en el diagrama hijo, manteniendo la integridad del flujo de datos entre niveles.",3
"En el Proceso Unificado (PU) y UML, ¿qué relación se utiliza cuando un caso de uso maneja una variación o excepción del flujo básico?",Proceso Unificado (PU),Inclusión (include),Extensión (extend),Generalización,Comunicación,Agregación,Asociación dirigida,opcion2,La relación de extensión describe la situación en la que un caso de uso posee el comportamiento que permite al nuevo caso de uso manejar una variación o excepción a partir del caso de uso básico.,3
¿Cuáles son los flujos de trabajo (disciplinas) de soporte en el Proceso Unificado?,Proceso Unificado (PU),Gestión de la configuración,Despliegue,Construcción,Entorno de desarrollo,Pruebas,Gestión de proyecto,1;4;6,"Los flujos de soporte en el PU incluyen Gestión de cambios y configuración, Gestión de proyecto, y Ambiente o entorno de desarrollo. Despliegue, Implementación (Construcción) y Pruebas son flujos de ingeniería primarios.",4
¿Cuál es el hito principal y objetivo de la fase de Inicio en el Proceso Unificado?,Proceso Unificado (PU),Diseñar la arquitectura ejecutable,Determinar la viabilidad del proyecto,Realizar el desarrollo masivo de código,Identificar riesgos críticos,Establecer al menos una solución potencial,Migración de datos de versiones beta,2;4;5,El hito principal de Inicio es la viabilidad. Sus objetivos incluyen proponer una solución potencial e identificar riesgos críticos para mitigarlos antes de invertir recursos.,4
¿Cuál es el objetivo de la fase de Elaboración en el Proceso Unificado?,Proceso Unificado (PU),Realizar el despliegue del sistema,"Diseñar, implementar y probar una arquitectura base ejecutable",Completar el plan del proyecto y mitigar riesgos técnicos,Capacitar a los usuarios finales,Identificar los actores del negocio,Establecer la visión del producto,2;3,La fase de Elaboración busca diseñar e implementar una arquitectura correcta para mitigar riesgos técnicos y completar el plan del proyecto.,4
"En el Proceso Unificado, ¿qué actividades pertenecen a la disciplina de Análisis?",Proceso Unificado (PU),Encontrar Actores y Casos de Uso,Analizar un Paquete,Analizar una Clase,Analizar un caso de uso,Prototipar la interfaz de usuario,Estructurar el modelo de casos de uso,2;3;4,"El Análisis refina casos de uso, clases y paquetes desde una perspectiva interna. Encontrar actores y estructurar el modelo de CU pertenecen a la disciplina de Requisitos.",4
¿Cuáles son las cuatro fases secuenciales del ciclo de vida del Proceso Unificado?,Proceso Unificado (PU),"Investigación, Desarrollo, Prueba, Implementación","Requisitos, Análisis, Diseño, Implementación","Inicio, Elaboración, Construcción, Transición","Incepción, Elaboración, Construcción, Transición","Definición, Diseño, Construcción, Cierre","Concepto, Plan, Ejecución, Entrega",3;4,"El ciclo de vida se estructura en Inicio (Inception), Elaboración, Construcción y Transición. Las opciones como Requisitos o Análisis son disciplinas, no fases.",4
¿Qué rol es responsable de los Paquetes de Análisis y la Descripción de la Arquitectura en RUP?,Proceso Unificado (PU),Analista de Sistemas,Diseñador,Arquitecto,Product Owner,Ingeniero de Software,Líder de Proyecto,3,"En RUP, el Arquitecto es el responsable de la integridad del modelo de análisis, los paquetes de análisis y la descripción de la arquitectura.",4
¿Qué actividades se realizan específicamente en la fase de Transición del PU?,Proceso Unificado (PU),Conversión de datos,Entrenamiento de usuarios,Diseño de la arquitectura,Corrección de defectos de la versión beta,Identificación de actores,Ayuda en línea,1;2;4;6,"La Transición se enfoca en el despliegue, incluyendo capacitación, corrección de bugs de beta, migración de datos y soporte.",4
¿Cuál es el propósito principal de un modelo de dominio en el Proceso Unificado (PU)?,Proceso Unificado (PU),Definir el esquema de la base de datos relacional,Ilustrar conceptos dignos de mención en un dominio y actuar como fuente de inspiración para objetos de software,Modelar la lógica de negocio mediante diagramas de secuencia detallados,Especificar los requerimientos funcionales a través de casos de uso,Diseñar la interfaz de usuario y la navegación del sistema,Establecer la arquitectura física de los servidores,opcion2,"El modelo de dominio ilustra conceptos significativos en un dominio y sirve como entrada para el diseño de objetos de software, reduciendo la brecha representacional.",5
¿Qué elementos deben evitarse explícitamente en un modelo de dominio según las guías del PU?,Proceso Unificado (PU),Clases conceptuales y asociaciones,Atributos de datos simples,"Artefactos de software como bases de datos, métodos o responsabilidades",Vocabulario del dominio,Multiplicidades en las asociaciones,Descripciones de productos,opcion3,"Un modelo de dominio representa conceptos del mundo real, no objetos de software; por lo tanto, no debe incluir métodos, responsabilidades o artefactos técnicos.",5
¿En qué fase del Proceso Unificado se inicia y completa mayoritariamente el Modelo de Dominio?,Proceso Unificado (PU),Fase de Inicio (Inception),Fase de Elaboración (Elaboration),Fase de Construcción (Construction),Fase de Transición (Transition),Mantenimiento preventivo,Durante el cierre del proyecto,opcion2,"El modelo de dominio se inicia y completa usualmente en la fase de elaboración, que es cuando existe la mayor necesidad de entender conceptos para mapearlos a clases de software.",5
¿Cuál es la diferencia entre un Modelo de Dominio y un Modelo de Objetos de Negocio (BOM) en el contexto de UP?,Proceso Unificado (PU),No hay diferencia; son sinónimos exactos,El BOM es un subconjunto del Modelo de Dominio,El Modelo de Dominio es una especialización o subconjunto del BOM que se enfoca en cosas y productos importantes,El BOM se usa solo para bases de datos,El Modelo de Dominio incluye métodos y el BOM no,El BOM es para metodologías ágiles y el Modelo de Dominio para cascada,opcion3,"El BOM es un modelo empresarial amplio, mientras que el Modelo de Dominio es una versión enfocada en un dominio específico del sistema en desarrollo.",5
¿Qué significa que un modelo de dominio sea un 'Diccionario Visual'?,Proceso Unificado (PU),Que debe contener capturas de pantalla de la interfaz,Que visualiza y relaciona palabras o conceptos del dominio facilitando el entendimiento cerebral,Que es un glosario con imágenes de los desarrolladores,Que reemplaza totalmente a la documentación escrita,Que solo puede ser editado por expertos en diseño gráfico,Que enumera las variables del código fuente,opcion2,Se considera un diccionario visual porque utiliza la notación UML para relacionar abstracciones y vocabulario del dominio de forma más comprensible que el texto plano.,5
¿Cuál es la recomendación principal respecto al esfuerzo de modelado para evitar la 'parálisis por análisis'?,Proceso Unificado (PU),Modelar exhaustivamente cada detalle antes de programar,Limitar el modelado de dominio a no más de unas pocas horas por iteración,No realizar ningún tipo de modelado,Contratar a un equipo externo solo para el modelado,Usar solo herramientas CASE complejas,Modelar durante toda la fase de construcción,opcion2,El enfoque ágil y del PU sugiere evitar el modelado excesivo de tipo 'cascada' y limitar el tiempo invertido para mantener el retorno de inversión.,5
¿Cuál fue el aporte específico de Jacobson en el origen del Proceso Unificado?,Proceso Unificado (PU),Método fuerte para la producción de modelos de Objetos de Dominio.,Método fuerte para la producción orientada al Usuario.,Método fuerte para la producción detallada de modelos de diseño orientados a objetos.,Creación del estándar UML.,Desarrollo de la metodología en cascada.,Gestión de riesgos tecnológicos.,opcion2,Jacobson aportó el enfoque orientado al usuario (casos de uso) al desarrollo del PU.,"6, 7"
¿Cuál es el objetivo primordial del flujo de trabajo de análisis según el Proceso Unificado?,Proceso Unificado (PU),Definir exactamente cómo se implementará la solución técnica.,Comprender los requisitos sin precisar la implementación de la solución.,Crear el código fuente basado en los casos de uso.,Diseñar la base de datos física y los esquemas de red.,Establecer el contrato legal con el cliente final.,Realizar las pruebas unitarias de los componentes críticos.,opcion2,El objetivo del análisis es comprender perfectamente los requisitos del software sin precisar cómo se implementará la solución.,8
"Dentro del contexto de Scrum, ¿qué es un Sprint?",Metodologías Ágiles,Una reunión de planificación anual.,Un periodo de tiempo fijo (iteración) para crear un incremento de software.,Un documento con todos los requisitos finales del proyecto.,La fase de mantenimiento del ciclo de vida tradicional.,Un rol específico dentro del equipo de desarrollo.,Una técnica de recolección de datos masiva.,opcion2,"En Scrum, el Sprint es la unidad básica de desarrollo, un ciclo de tiempo predefinido donde se completa un trabajo específico.",1
¿Cuál es un principio fundamental de Extreme Programming (XP)?,Metodologías Ágiles,Programación en parejas y retroalimentación continua.,Desarrollo de requisitos por 6 meses antes de programar.,Evitar el contacto con el cliente final.,Uso exclusivo de computadoras mainframe.,Documentación exhaustiva de 1000 páginas.,Procesamiento de archivos tradicional.,opcion1,"XP promueve la simplicidad, la comunicación y la retroalimentación a través de prácticas como la programación en parejas.",1
¿Cuál de las siguientes etapas NO forma parte del proceso de desarrollo ágil según el Modelado Ágil (XP)?,Metodologías Ágiles,Exploración,Planeación,Análisis de Requisitos Detallado,Iteraciones para la liberación de la primera versión,Puesta en producción,Mantenimiento,opcion3,"El proceso ágil se caracteriza por ser interactivo e incremental, compuesto por cinco etapas: exploración, planeación, iteraciones para la liberación, puesta en producción y mantenimiento. No incluye una fase de análisis de requisitos estática y detallada al inicio.",3
"En el modelado ágil, el valor de la 'Valentía' se manifiesta principalmente en:",Metodologías Ágiles,Trabajar más de 80 horas a la semana si el proyecto lo requiere.,No documentar absolutamente nada del sistema.,No tener miedo de descartar código y empezar de nuevo si algo no está bien.,Imponer el criterio del analista sobre el del cliente.,Evitar la retroalimentación del cliente para no retrasar el código.,Mantener el mismo diseño inicial a pesar de los cambios del entorno.,opcion3,La valentía implica confiar en el equipo y en uno mismo para desechar trabajo que no funciona y rehacerlo basándose en la retroalimentación y los resultados de las pruebas.,3
¿Cuál es el valor principal que promueve el Manifiesto Ágil respecto a la respuesta al cambio?,Metodologías Ágiles,Seguir un plan sobre responder al cambio,Responder al cambio sobre seguir un plan,Evitar el cambio mediante contratos rígidos,Ignorar el cambio hasta el final del proyecto,Documentar el cambio antes de procesarlo,Consultar con el arquitecto jefe antes de cualquier cambio,opcion2,El Manifiesto Ágil valora explícitamente la capacidad de respuesta ante el cambio por encima del seguimiento estricto de un plan preestablecido.,2
"En Scrum, ¿cómo se coordinan los equipos auto-organizados diariamente?",Metodologías Ágiles,Mediante un informe escrito al gerente,A través de una reunión diaria de pie (stand-up meeting),Por medio de un correo electrónico masivo,Delegando todas las decisiones al Product Owner,Mediante una revisión de código semanal,Utilizando diagramas de Gantt detallados,opcion2,Scrum utiliza la reunión diaria ('daily Scrum') para que los miembros del equipo coordinen su trabajo y respondan preguntas clave sobre su progreso.,2
"Según la filosofía de 'Modelado Ágil' (Agile Modeling), ¿cuál es el propósito principal de crear un diagrama UML?",Metodologías Ágiles,Generar documentación legal,Proporcionar una base para la auditoría,"Comprender y comunicar el diseño, no documentarlo",Reemplazar la necesidad de escribir código,Justificar el tiempo de los analistas,Cumplir con los estándares ISO,opcion3,"El modelado ágil sostiene que el propósito de modelar es principalmente entender y comunicar ideas rápidamente, tratando los modelos a menudo como desechables.",2
"En el Desarrollo Guiado por Pruebas (TDD), ¿cuándo se escribe el código de la prueba unitaria?",Metodologías Ágiles,Después de finalizar toda la aplicación,Justo antes de la entrega al cliente,Antes de escribir el código de producción,Solo si se detecta un error en producción,Cuando el analista lo solicite,Durante la fase de Incepción exclusivamente,opcion3,"En TDD, el desarrollador escribe primero una prueba para una funcionalidad que aún no existe, y luego escribe el código para que la prueba pase.",2
¿Qué es la 'Refactorización' en el contexto de metodologías ágiles?,Metodologías Ágiles,Cambiar el comportamiento externo del software,Añadir nuevas funcionalidades a una clase,Restructurar el código existente sin cambiar su comportamiento externo,Reescribir el software en un lenguaje de programación diferente,Eliminar todas las pruebas unitarias,Cambiar la base de datos de relacional a objetos,opcion3,"Refactorizar consiste en mejorar la estructura interna del código (claridad, redundancia) manteniendo intacta la funcionalidad visible.",2
¿Cuáles son los principios y prácticas fundamentales de la programación extrema (XP)?,Metodologías Ágiles,Cliente en el sitio,Programación en parejas,Diseño simple,Estándar de codificación,Roles específicos e inamovibles,Retrospectiva de Sprint,1;2;3;4,"XP se basa en prácticas como cliente en sitio, programación de a pares, diseño simple y estándares de código. La retrospectiva es de Scrum.",4
¿Cuáles son las actividades técnicas diarias del equipo en XP?,Metodologías Ágiles,Codificar,Probar,Negociar contratos,Escuchar,Diseñar,Documentar exhaustivamente,1;2;4;5,"Las cuatro actividades técnicas obligatorias en XP son: Codificar, Probar, Escuchar y Diseñar. El Manifiesto Ágil valora software funcionando sobre documentación.",4
¿Qué caracteriza al equipo de desarrollo (Development Team) en Scrum?,Metodologías Ágiles,Es multifuncional e interfuncional,Cada miembro tiene un rol específico e inamovible,No existen especialistas exclusivos,Son individuos con perfil en T,Se auto-organizan para cumplir el objetivo,El Scrum Master les asigna las tareas diarias,1;3;4;5,"Scrum promueve equipos multifuncionales sin jerarquías internas o roles exclusivos, fomentando el perfil en T (conocimiento amplio y alguna especialidad).",4
¿Para qué se utiliza la técnica de Gherkin (Dado-Cuando-Entonces)?,Metodologías Ágiles,Para escribir descripciones breves de historias de usuario,Para definir criterios de aceptación,Para estimar puntos de historia,"Para describir el contexto, evento y consecuencia esperada",Para asignar tareas en el Sprint Backlog,Para facilitar la comunicación con el cliente,2;4;6,Gherkin define escenarios mediante Dado-Cuando-Entonces para establecer criterios de aceptación claros y compartidos.,4
¿Cuál es la característica principal de una 'Épica' en el contexto de requisitos ágiles?,Metodologías Ágiles,Es una tarea que puede ser realizada por una sola persona,Es una historia de usuario que no aporta valor al negocio,Es una historia de usuario que no puede ser desarrollada en una sola iteración debido a su tamaño,Es un requisito técnico que no involucra al usuario final,Es una meta estratégica multianual de alto nivel,Es una prueba de aceptación automatizada,opcion3,Las épicas son historias de usuario que por su gran tamaño no caben en una iteración (Sprint) y deben dividirse en historias más pequeñas.,9
"En el modelo INVEST para historias de usuario, ¿qué significa que una historia sea 'Estimable'?",Metodologías Ágiles,Que el equipo puede darle una medida de trabajo (puntos o días) para la planificación,Que la historia tiene un alto valor monetario,Que la historia no depende de otras historias,Que puede ser probada con criterios de aceptación claros,Que es lo suficientemente pequeña para entrar en un sprint,Que el enunciado puede ser negociado con el Product Owner,opcion1,Estimable significa que el equipo de desarrollo debe poder asignarle un tamaño o esfuerzo necesario para realizarla.,9
¿Cuál es un objetivo clave de la Gestión de Proyectos en sistemas de información?,Gestión de Proyectos,Incrementar el riesgo de falla del sistema.,Alinear los proyectos con el plan de negocios y controlar riesgos.,Eliminar la necesidad de un director de información (CIO).,Evitar la capacitación de los usuarios finales.,Garantizar que no existan bugs en el software.,Reducir la comunicación entre los departamentos.,opcion2,"La gestión de proyectos busca asegurar que los sistemas entreguen valor de negocios y se manejen dentro de los límites de tiempo y presupuesto, mitigando riesgos.",1
¿Qué identifica un 'Análisis de impacto comercial' en la gestión de proyectos?,Gestión de Proyectos,El costo de la publicidad en Google.,Los sistemas más críticos y el impacto de su falla en la empresa.,La cantidad de clics fraudulentos en un anuncio.,El número de transistores en un chip.,La ubicación física de los servidores blade.,El uso de la nanotecnología en el hardware.,opcion2,"Este análisis es vital para la continuidad del negocio, determinando qué funciones son esenciales tras un desastre.",1
¿Qué técnica de gestión de proyectos se define como una red de nodos y flechas que permite determinar la ruta crítica y el tiempo de inactividad?,Gestión de Proyectos,Diagrama de Ishikawa,Gráfico de Gantt,Matriz CRUD,Diagrama PERT,Análisis de Punto de Equilibrio,Modelo de Espiral,opcion4,"PERT (Técnicas de evaluación y revisión de programas) utiliza una red para representar actividades, permitiendo identificar la ruta crítica (la más larga) y los tiempos de holgura.",3
"En la Gestión de Proyectos, ¿qué análisis evalúa el valor en el tiempo de la inversión comparando los costos y beneficios actuales con los futuros?",Gestión de Proyectos,Análisis de Flujo de Efectivo,Análisis de Punto de Equilibrio,Análisis de Valor Presente,Método de Retribución,Análisis CRUD,Análisis de Puntos de Función,opcion3,"El análisis del valor presente es una forma de evaluar todos los desembolsos y los ingresos durante su vida económica, considerando el costo del dinero o tasa de descuento.",3
"En la gestión de proyectos ágil, ¿cuál es la actitud recomendada hacia la planificación a largo plazo?",Gestión de Proyectos,Planificación predictiva total,Evitar cualquier tipo de planificación,Planificación adaptativa; solo detallar el futuro cercano,Fijar hitos cada 12 meses,Hacer que el cliente firme todos los diagramas UML,Permitir que cada desarrollador elija su propio horario,opcion3,"La gestión ágil prefiere planes detallados solo para la iteración siguiente, adaptando el resto del plan a medida que se obtiene feedback real.",2
¿Qué indica el término 'Velocidad del Equipo' en la gestión iterativa?,Gestión de Proyectos,La rapidez con la que el equipo escribe líneas de código,"La cantidad de trabajo realizado por iteración, basada en datos históricos",La velocidad de la conexión de red en la oficina,La tasa de rotación de los empleados,El tiempo que tarda el servidor en compilar,La rapidez con la que el cliente responde correos,opcion2,"Los checkpoints de cada iteración proveen datos sobre cuánto trabajo se completó, permitiendo estimar la velocidad para futuras iteraciones.",2
"Al clasificar requisitos para planificar iteraciones, ¿cuáles deben ir en las iteraciones iniciales?",Gestión de Proyectos,Los requisitos más fáciles de programar,Los requisitos con mayor riesgo y valor arquitectónico,Los requisitos que el cliente menos desea,Los requisitos estéticos de la interfaz,Solo los requisitos de mantenimiento,Aquellos que no requieren pruebas,opcion2,"Para mitigar riesgos, se deben abordar primero los elementos arquitectónicamente significativos y de alto valor de negocio o riesgo.",2
¿Qué variables condicionan el éxito de un proyecto de software?,Gestión de Proyectos,Alcance,Tiempo,Costo (Recursos),Calidad,Cantidad de programadores,Uso de UML,1;2;3;4,"El éxito depende de la gestión equilibrada de la 'triple restricción' (Alcance, Tiempo, Costo) sumado a la Calidad y satisfacción del cliente.",4
¿Qué aspectos se analizan en un estudio de factibilidad completo?,Gestión de Proyectos,Factibilidad Técnica,Factibilidad Operativa,Factibilidad Económica,Factibilidad Financiera,Factibilidad de Programa (Temporal),Factibilidad Legal,1;2;3;4;5;6,"Según Pressman, se deben evaluar las seis dimensiones: técnica, operativa, económica, financiera, temporal (programa) y legal.",4
¿Qué define a la factibilidad operativa?,Gestión de Proyectos,Si los beneficios compensan los costos,Si el sistema funcionará y será utilizado por la organización,Si existe el hardware necesario,Si los usuarios se adaptarán al cambio o se resistirán,Si se cumple con las leyes de privacidad,Si el sistema satisface realmente los requerimientos,2;4;6,La factibilidad operativa evalúa el factor humano y si la solución será realmente aceptada y utilizada por los usuarios finales.,4
¿Cuál es el orden correcto de los pasos para la resolución de problemas?,Gestión de Proyectos,Determinar el problema y sus asociados,Definir claramente el problema (redefinir),Evaluar y seleccionar soluciones,Planear la operación,Conocimiento de las causas,Proponer soluciones,1;5;2;6;3;4,"La secuencia es: 1. Determinar problema, 2. Causas, 3. Definir claramente (Redefinir), 4. Proponer soluciones, 5. Evaluar/seleccionar, 6. Planear operación, 7. Evaluar resultados.",4
¿Quién es el responsable de tomar la decisión final sobre la viabilidad de un proyecto?,Gestión de Proyectos,El Analista de Sistemas,El Scrum Master,Los directivos de la organización,El equipo de desarrollo,El Cliente final,El Jefe de Proyecto,3,"El analista actúa como consultor y presenta el informe, pero la decisión de inversión y de 'proceder o no' es exclusiva de la gerencia/directivos.",4
¿Qué caracteriza a la 'Etapa de Contagio o Expansión' en la evolución de Nolan?,Gestión de Proyectos,La adquisición de la primera computadora central.,El establecimiento de estándares estrictos de documentación.,La proliferación desordenada de sistemas transaccionales y la aparición de 'islas informáticas'.,La integración total de bases de datos de cuarta generación.,El reconocimiento de la información como recurso estratégico.,La subcontratación total del área de sistemas.,opcion3,"En esta etapa el crecimiento es desordenado, sin estándares, lo que genera duplicidad de datos y sistemas de mala calidad denominados islas informáticas.",10
¿Cuál es el hito que marca la finalización de la Etapa de Inicio en la teoría de Nolan?,Gestión de Proyectos,La adquisición de la primera computadora.,La descentralización del departamento de sistemas.,La implantación exitosa del primer sistema de información.,El ahorro comprobado de mano de obra.,La desaparición de la ciberfobia en los usuarios.,La creación del cargo de analista de sistemas.,opcion3,"Según la teoría de Nolan, la etapa de inicio finaliza específicamente con la implantación exitosa del primer sistema de información.",11
¿Qué técnica de control presupuestal caracteriza el inicio de la Etapa de Control o Formalización?,Gestión de Proyectos,Presupuestación basada en el valor histórico.,Técnicas de presupuestación base cero.,Sistemas de costeo por actividades (ABC).,Inversión extranjera directa en tecnología.,Presupuestos incrementales anuales.,Desembolsos discrecionales de la dirección.,opcion2,Esta etapa inicia con la necesidad de controlar recursos mediante técnicas de presupuestación base cero y sistemas de cargo a usuarios.,11
¿Qué técnica de recolección de información se enfoca en observar procesos de negocios reales?,Técnicas de Recolección,Benchmarking.,Análisis de impacto comercial.,Observación directa de los flujos de trabajo.,Minería de datos únicamente.,Cuestionarios de opción múltiple exclusivamente.,Análisis forense de sistemas.,opcion3,"Para entender cómo funciona realmente una empresa, es vital analizar los procesos de negocios observando las tareas y comportamientos relacionados lógicamente.",1
"En el análisis de sistemas, ¿para qué sirven los diagramas de entidad-relación?",Técnicas de Recolección,Para medir el ancho de banda de una red.,Para documentar el modelo de datos y las conexiones entre entidades.,Para limpiar virus de una PC.,Para programar en lenguaje XML.,Para definir el sueldo neto de los empleados.,Para configurar un enrutador.,opcion2,Estos diagramas visualizan cómo las entidades de negocio se relacionan entre sí dentro del sistema de información.,1
"Al realizar la recopilación de información, ¿qué estructura de entrevista comienza con preguntas generales y termina con preguntas cerradas y específicas?",Técnicas de Recolección,Estructura de Pirámide,Estructura de Diamante,Estructura de Embudo,Estructura de Círculo,Estructura de JAD,Estructura Primitiva,opcion3,"La estructura de embudo usa un enfoque deductivo al empezar con preguntas generalizadas y abiertas, para después reducir la cantidad de respuestas posibles mediante preguntas cerradas.",3
¿Qué elemento de STROBE indica que un encargado de tomar decisiones busca información fuera de la organización?,Técnicas de Recolección,Ubicación de la oficina (esquina).,Colocación del escritorio (frente a la puerta).,Presencia de publicaciones especializadas o uso de la Web en la oficina.,Uso de trajes conservadores.,Iluminación fluorescente brillante.,Archiveros de gran tamaño.,opcion3,"Al observar el tipo de publicaciones (externas como Business Week o sitios Web) almacenadas en la oficina, se puede averiguar si el gerente busca información externa a la empresa.",3
¿Qué técnica de recolección de requisitos se centra en historias de uso del sistema por parte de un actor?,Técnicas de Recolección,Listas de funciones,Casos de Uso,Modelado de datos,Álgebra relacional,Entrevistas de salida,Diagramas de flujo de datos,opcion2,Los casos de uso son narrativas de texto que describen a un actor usando un sistema para alcanzar una meta.,2
"Para recolectar requisitos de manera efectiva, ¿cuál es una recomendación del PU?",Técnicas de Recolección,Realizar workshops de requisitos con clientes y desarrolladores,Enviar formularios por correo y esperar respuestas,Adivinar lo que el usuario quiere para no molestarlo,Copiar los requisitos de la competencia exactamente,Permitir solo al analista hablar con el cliente,Escribir código primero y preguntar después,opcion1,El PU fomenta la elicitación mediante workshops colaborativos que incluyen a los expertos del dominio y al equipo técnico.,2
¿Qué tipo de diagrama UML se usa comúnmente para visualizar procesos de negocio y flujos de trabajo?,Técnicas de Recolección,Diagrama de Clases,Diagrama de Actividad,Diagrama de Despliegue,Diagrama de Paquetes,Diagrama de Estructura Compuesta,Diagrama de Tiempos,opcion2,"Los diagramas de actividad son ideales para modelar flujos de trabajo complejos, procesos de negocio y algoritmos paralelos.",2
¿Cuáles son las ventajas de utilizar preguntas cerradas en una entrevista?,Técnicas de Recolección,Ahorro de tiempo,Permiten más espontaneidad,Facilitan la comparación de entrevistas,Mantienen el control sobre la entrevista,Revelan nuevas líneas de investigación,Obtienen datos cuantitativos relevantes,1;3;4;6,"Las preguntas cerradas ahorran tiempo, dan control al entrevistador y facilitan comparar datos. La espontaneidad es propia de las preguntas abiertas.",4
¿Cuáles son las reglas fundamentales para un Brainstorming efectivo?,Técnicas de Recolección,Se prohíbe la crítica de ideas,Se debe generar un gran número de ideas,Solo pueden participar expertos del área,Se alienta a combinar o completar ideas de otros,Se deben evitar las ideas descabelladas,Se fomenta la libertad de imaginación,1;2;4;6,"El brainstorming prohíbe el juicio inicial, busca cantidad sobre calidad inmediata y fomenta la combinación de ideas y la creatividad sin límites.",4
¿En qué situaciones es más aconsejable utilizar cuestionarios?,Técnicas de Recolección,Cuando se necesita profundizar en sentimientos,Cuando se desea medir la opinión de muchas personas,En estudios preliminares para establecer tendencias,Para observar el entorno de trabajo,Cuando los interesados están distribuidos geográficamente,Para resolver conflictos entre interesados,2;3;5,"Los cuestionarios son ideales para grupos masivos, para obtener tendencias cuantitativas iniciales y cuando hay dispersión geográfica.",4
¿Qué caracteriza a la estructura de 'Embudo' en una entrevista?,Técnicas de Recolección,Comienza con preguntas cerradas y termina con abiertas,Comienza con preguntas generales y abiertas,Se focaliza progresivamente hacia preguntas cerradas,Es un método inductivo,Es un método deductivo,Se usa para ganar confianza al inicio,2;3;5;6,La estructura de embudo (deductiva) inicia con preguntas abiertas para generar confianza y cierra con específicas para obtener datos técnicos.,4
¿Qué define a la Ingeniería de Requisitos en el desarrollo de sistemas?,Ingeniería de Requisitos,La instalación física del hardware.,El proceso de determinar qué debe hacer el sistema y sus restricciones.,La codificación directa en lenguajes como Java.,El marketing del producto final.,La eliminación de todos los backups del servidor.,La creación de diagramas de flujo de datos únicamente.,opcion2,La ingeniería de requisitos implica el análisis de sistemas para definir las funciones que el sistema debe realizar y las metas que debe cumplir.,1
¿Cuál es la función principal de un 'Diccionario de Datos' según el texto?,Ingeniería de Requisitos,Dibujar la interfaz de usuario.,Sustituir a los diagramas de flujo de datos.,Recopilar y coordinar términos de datos específicos y confirmar su significado (metadatos).,Programar automáticamente el código fuente del sistema.,Gestionar el presupuesto del proyecto de sistemas.,Eliminar la necesidad de entrevistas con los usuarios.,opcion3,El diccionario de datos es una obra de consulta de metadatos que ayuda a mantener los datos 'limpios' y consistentes en toda la organización.,3
"En el modelo FURPS+, ¿qué representa la letra 'S'?",Ingeniería de Requisitos,Seguridad (Security),Soporte (Supportability),Sistemas (Systems),Simplicidad (Simplicity),Sincronización (Synchronization),Subsidios (Subsidies),opcion2,"S representa 'Supportability' (Soportabilidad), que incluye adaptabilidad, mantenibilidad, internacionalización y configurabilidad.",2
"En un diagrama de Caso de Uso UML, ¿qué indica una relación de tipo «include»?",Ingeniería de Requisitos,Que un caso de uso es opcional,Que una parte del comportamiento es común a varios casos de uso y se ha factorizado,Que el caso de uso es solo para administradores,Que el sistema está incluido en el hardware,Que se debe incluir al cliente en la programación,Que el código fuente está incluido en el diagrama,opcion2,"La relación «include» se usa para evitar repeticiones, extrayendo pasos comunes a un caso de uso separado que es invocado por otros.",2
¿Qué prueba define si un Caso de Uso está al nivel de detalle adecuado para el análisis?,Ingeniería de Requisitos,La prueba del compilador,La prueba del jefe (Boss Test) o el Proceso de Negocio Elemental (EBP),La prueba del cliente satisfecho,La prueba de la página web,La prueba de estrés,La prueba de la moneda,opcion2,"Un caso de uso debe representar una tarea que agregue valor medible y deje los datos en un estado consistente, superando la prueba del jefe o EBP.",2
¿Cuál es la diferencia fundamental entre el enfoque de requisitos en cascada y el iterativo?,Ingeniería de Requisitos,El iterativo no documenta nada,El de cascada asume que los requisitos son estables y predecibles,El iterativo solo hace requisitos funcionales,El de cascada es más rápido para el cambio,No hay diferencia real,El iterativo requiere herramientas más caras,opcion2,El modelo de cascada falla a menudo porque asume que los requisitos se pueden definir perfectamente al inicio sin cambios posteriores.,2
¿Qué información debe contener idealmente la sección de 'Postcondiciones' en un caso de uso?,Ingeniería de Requisitos,Los pasos detallados de la interfaz gráfica,Lo que debe ser verdad al completar con éxito el caso de uso,La lista de errores de compilación,El nombre de los programadores,Los requisitos de hardware,El presupuesto final,opcion2,Las postcondiciones (o garantías de éxito) declaran qué debe ser cierto sobre el estado del sistema y los datos tras la ejecución exitosa.,2
¿Cuáles son las actividades del proceso de Ingeniería de Requisitos?,Ingeniería de Requisitos,Elicitación (Educción),Análisis,Especificación (Documentación),Verificación,Validación,Gestión de cambios,1;2;3;4;5;6,"Es un proceso global que abarca descubrir, analizar, documentar, verificar, validar y gestionar los servicios y restricciones del software.",4
¿Qué define a un requisito 'Verificable'?,Ingeniería de Requisitos,Que el cliente lo haya aprobado,Que no sea ambiguo,Existe un proceso finito y de costo razonable para comprobar que se cumple,Que esté escrito en lenguaje técnico,Que sea posible de realizar,Que pueda ser medido objetivamente,3;6,Un requisito es verificable si se puede probar objetivamente su cumplimiento mediante un método de costo y tiempo razonable.,4
¿Qué es la 'Línea Base' (Baseline) de requisitos?,Ingeniería de Requisitos,Un conjunto de requisitos perfectos,Una 'foto en el tiempo' de requisitos acordados,Un borrador inicial de educción,Requisitos lo suficientemente buenos para continuar con riesgo aceptable,Un acuerdo que no permite cambios posteriores,Un hito para iniciar procesos de control de cambios,2;4;6,"La línea base no es perfección, sino un acuerdo estable y aprobado que permite avanzar y sobre el cual se aplican controles de cambio.",4
¿Qué diferencia a la Verificación de la Validación de requisitos?,Ingeniería de Requisitos,La verificación es interna (¿construimos el documento correctamente?),La validación es con el cliente (¿es el producto correcto?),La verificación busca errores de redacción y consistencia,La validación busca asegurar que el requisito resuelva la necesidad real,Ambas son la misma actividad en diferentes momentos,La verificación requiere prototipos,1;2;3;4,La verificación es un control técnico interno sobre el documento; la validación involucra al cliente para confirmar que se satisfacen sus necesidades.,4
¿Qué atributo cumple un requisito si su eliminación provoca una deficiencia irreparable?,Ingeniería de Requisitos,Completo,Correcto,Necesario,Priorizado,Verificable,Consistente,3,Un requisito es necesario si su ausencia implica que el sistema no podrá cumplir con los objetivos críticos del negocio o del usuario.,4
¿Cómo se clasifica un requisito sobre leyes de protección de datos según Sommerville?,Ingeniería de Requisitos,Funcional,No Funcional del Producto,No Funcional Externo,No Funcional Organizacional,Requisito del Negocio,Atributo de Calidad,3,"Los requisitos que surgen de factores ajenos al sistema y a la organización, como leyes o estándares externos, se clasifican como No Funcionales Externos.",4
¿Cómo se define el éxito de un proyecto de software en términos de variables?,Gestión de Proyectos,Alcance,Tiempo,Costo,Calidad,Cantidad de personal,Tecnología usada,1;2;3;4,"El éxito depende de la gestión equilibrada de la triple restricción (Alcance, Tiempo, Costo) sumado a la Calidad y satisfacción del cliente.",4
¿Qué hito concluye la fase de Elaboración en el Proceso Unificado?,Proceso Unificado (PU),Objetivos del ciclo de vida,Capacidad operacional inicial,Arquitectura del ciclo de vida,Release del producto,Plan de proyecto detallado,Visión del negocio,opcion3,El hito que concluye la Elaboración es asegurar la Arquitectura del ciclo de vida.,6
¿A qué nivel de abstracción se trabaja en el flujo de Análisis en comparación con la Implementación?,Proceso Unificado (PU),Nivel más bajo en análisis.,Nivel idéntico en ambos flujos.,Nivel más elevado en el análisis.,El análisis no tiene nivel de abstracción.,Solo se trabaja con bits en el análisis.,El diseño es más abstracto que el análisis.,opcion3,En los flujos se trabaja a diferentes niveles: el más elevado en el análisis hasta el más bajo en la implementación.,8